Age, Yrs AD;YOK-I d18O (permil VPDB)
2005.51;-2.950
2005.51;-3.040
2005.48;-3.170
2005.44;-3.170
2005.38;-3.100
2005.30;-3.100
2005.21;-3.090
2005.11;-3.140
2004.98;-3.110
2004.85;-3.120
2004.69;-3.270
2004.52;-3.250
2004.34;-3.440
2004.14;-3.200
2003.93;-3.200
2003.70;-3.150
2003.45;-3.090
2003.20;-3.280
2002.93;-3.370
2002.64;-3.280
2002.34;-3.430
2002.03;-3.330
2001.71;-3.300
2001.37;-3.500
2001.02;-3.400
2000.65;-3.320
2000.28;-3.470
1999.89;-3.390
1999.49;-3.310
1999.07;-3.420
1998.65;-3.420
1998.21;-3.450
1997.76;-3.380
1997.30;-3.500
1996.83;-3.440
1996.35;-3.410
1995.86;-3.260
1995.35;-3.250
1994.84;-3.150
1994.32;-3.330
1993.78;-3.190
1993.24;-3.380
1992.68;-3.310
1992.12;-3.440
1991.55;-3.530
1990.97;-3.460
1990.38;-3.480
1989.78;-3.410
1989.17;-3.280
1988.55;-3.280
1987.93;-3.240
1987.29;-3.280
1986.65;-3.250
1985.35;-3.350
1984.68;-3.390
1984.01;-3.290
1983.33;-3.190
1982.65;-3.350
1981.96;-3.340
1981.26;-3.130
1980.55;-3.150
1979.84;-3.360
1979.13;-3.380
1978.40;-3.450
1977.68;-3.400
1976.94;-3.400
1976.20;-3.180
1975.46;-3.120
1974.57;-3.130
1973.41;-3.220
1972.04;-3.140
1970.50;-3.310
1968.84;-3.210
1967.12;-3.380
1965.37;-3.300
1963.65;-3.450
1962.01;-3.420
1960.49;-3.450
1959.15;-3.300
1958.02;-3.390
1957.16;-3.340
1956.62;-3.500
1956.29;-3.160
1956.00;-3.620
1955.76;-3.610
1955.54;-3.540
1955.35;-3.550
1955.18;-3.480
1955.00;-3.400
1954.82;-3.450
1954.63;-3.540
1954.41;-3.600
1954.16;-3.550
1953.86;-3.540
1953.49;-3.520
1953.05;-3.400
1952.54;-3.310
1951.96;-3.240
1951.32;-3.200
1950.62;-3.290
1949.88;-3.400
1949.08;-3.510
1948.24;-3.590
1947.36;-3.580
1946.45;-3.400
1945.51;-3.470
1944.54;-3.520
1943.55;-3.470
1942.55;-3.430
1941.54;-3.490
1940.52;-3.390
1939.50;-3.310
1938.48;-3.520
1937.47;-3.570
1936.47;-3.130
1935.49;-3.280
1934.53;-3.500
1933.60;-3.460
1932.70;-3.490
1931.83;-3.480
1931.00;-3.480
1930.22;-3.470
1929.49;-3.610
1928.80;-3.470
1928.17;-3.360
1927.57;-3.440
1927.00;-3.440
1926.46;-3.370
1925.94;-3.610
1925.42;-3.410
1924.91;-3.570
1924.40;-3.620
1923.87;-3.640
1923.33;-3.380
1922.76;-3.400
1922.16;-3.540
1921.53;-3.300
1920.84;-3.310
1920.10;-3.180
1919.30;-3.250
1918.44;-3.140
1917.49;-3.200
1916.20;-3.370
1914.43;-4.030
1912.44;-3.040
1910.45;-3.120
1908.73;-3.170
1907.50;-3.320
1906.64;-3.150
1905.85;-3.170
1905.15;-3.360
1904.54;-3.310
1904.02;-3.390
1903.60;-3.390
1903.26;-3.390
1902.97;-3.370
1902.71;-3.170
1902.45;-3.300
1902.15;-3.160
1901.81;-3.190
1901.38;-3.230
1900.57;-3.390
1899.23;-3.310
1897.54;-3.420
1895.71;-3.370
1893.93;-3.100
1892.39;-3.140
1891.30;-3.100
1890.85;-3.230
1890.78;-3.310
1890.71;-3.680
1890.65;-3.610
1890.60;-3.390
1890.54;-3.340
1890.49;-3.340
1890.44;-3.220
1890.40;-3.350
1890.35;-3.660
1890.31;-3.540
1890.28;-3.400
1890.24;-3.410
1890.21;-3.660
1890.17;-3.360
1890.15;-3.610
1890.12;-3.280
1890.09;-3.550
1890.07;-3.620
1890.04;-3.430
1890.02;-3.440
1890.00;-3.270
1889.98;-3.410
1889.97;-3.320
1889.95;-3.450
1889.93;-3.310
1889.92;-3.430
1889.90;-3.470
1889.89;-3.580
1889.87;-3.390
1889.86;-3.670
1889.85;-3.410
1889.83;-3.460
1889.82;-3.440
1889.81;-3.480
1889.79;-3.280
1889.78;-3.260
1889.76;-3.280
1889.75;-3.010
1889.73;-2.940
1889.71;-3.180
1889.70;-3.200
1889.68;-3.270
1889.66;-3.250
1889.63;-3.170
1889.61;-3.190
1889.59;-3.200
1889.56;-3.150
1889.53;-3.300
1889.50;-3.280
1889.47;-3.300
1889.44;-3.420
1889.40;-3.750
1889.36;-3.500
1889.31;-3.480
1889.26;-3.390
1889.21;-3.670
1889.15;-3.660
1889.09;-3.570
1889.02;-3.660
1888.94;-3.570
1888.78;-3.360
1888.69;-3.310
1888.59;-3.360
1888.48;-3.300
1888.37;-3.300
1888.25;-3.270
1888.12;-3.310
1887.92;-3.300
1887.57;-3.340
1887.10;-3.320
1886.52;-3.620
1885.84;-3.490
1885.08;-3.590
1884.26;-3.690
1883.38;-3.620
1882.46;-3.650
1881.52;-3.860
1880.57;-3.580
1879.63;-3.610
1878.70;-3.600
1877.81;-3.480
1876.97;-3.580
1876.20;-3.690
1875.50;-3.660
1874.84;-3.560
1874.18;-3.680
1873.51;-3.650
1872.85;-3.560
1872.18;-3.750
1871.52;-3.730
1870.86;-3.650
1870.20;-3.830
1869.56;-3.650
1868.92;-3.550
1868.29;-3.580
1867.67;-3.410
1867.07;-3.540
1866.48;-3.550
1865.91;-3.520
1865.35;-3.430
1864.82;-3.450
1864.30;-4.100
1863.81;-3.580
1863.35;-3.710
1862.91;-3.330
1862.49;-3.860
1862.10;-4.060
1861.72;-4.070
1861.34;-3.580
1860.97;-3.650
1860.61;-4.220
1860.26;-3.520
1859.91;-3.940
1859.57;-4.270
1859.24;-3.830
1858.91;-3.810
1858.59;-3.730
1858.28;-3.830
1857.98;-3.240
1857.67;-3.690
1857.38;-3.740
1857.09;-3.780
1856.80;-3.700
1856.52;-3.520
1856.25;-3.860
1855.98;-3.980
1855.71;-3.820
1855.45;-3.960
1855.19;-3.880
1854.93;-3.940
1854.68;-3.780
1854.43;-4.100
1854.18;-3.960
1853.93;-3.860
1853.69;-3.880
1853.45;-3.420
1853.21;-3.470
1852.98;-3.640
1852.74;-3.620
1852.51;-3.550
1852.27;-3.660
1852.04;-3.700
1851.81;-3.740
1851.57;-3.560
1851.34;-3.610
1851.11;-3.620
1850.87;-3.840
1850.64;-3.790
1850.40;-3.880
1850.17;-3.690
1849.93;-3.770
1849.69;-3.670
1849.45;-3.750
1849.21;-3.840
1848.96;-3.730
1848.71;-3.690
1848.46;-3.810
1848.20;-3.910
1847.95;-3.780
1847.69;-3.840
1847.42;-3.890
1847.15;-3.840
1846.88;-3.770
1846.60;-3.730
1846.32;-3.700
1846.03;-3.580
1845.74;-3.600
1845.44;-3.570
1845.13;-3.650
1844.83;-3.680
1844.51;-3.530
1844.18;-3.750
1843.83;-3.630
1843.47;-3.660
1843.09;-4.260
1842.70;-4.090
1842.30;-4.110
1841.89;-4.040
1841.49;-4.120
1841.08;-4.040
1840.67;-4.290
1840.27;-4.090
1839.87;-4.100
1839.49;-4.190
1839.11;-3.990
1838.75;-4.080
1838.41;-4.080
1838.09;-4.050
1837.80;-4.120
1837.52;-4.010
1837.27;-4.080
1837.03;-4.050
1836.79;-3.950
1836.56;-4.010
1836.34;-4.030
1836.13;-4.020
1835.93;-4.010
1835.73;-4.080
1835.53;-3.960
1835.35;-4.130
1835.16;-3.980
1834.98;-4.140
1834.81;-3.990
1834.64;-4.480
1833.97;-4.040
1833.81;-4.060
1833.65;-4.250
1833.49;-4.090
1833.33;-4.180
1833.16;-3.790
1833.00;-4.250
1832.83;-4.200
1832.66;-4.290
1832.49;-4.420
1832.31;-4.220
1832.14;-4.220
1831.95;-4.190
1831.76;-4.280
1831.57;-4.280
1831.37;-4.230
1831.16;-4.130
1830.95;-4.480
1830.73;-4.450
1830.50;-4.330
1830.26;-4.390
1830.02;-4.150
1829.77;-3.650
1829.50;-3.860
1829.22;-3.790
1828.91;-3.690
1828.57;-4.220
1828.22;-3.330
1827.84;-3.320
1827.45;-3.220
1827.04;-3.000
1826.61;-3.220
1826.18;-3.290
1825.74;-3.220
1825.29;-3.290
1824.83;-3.260
1824.37;-3.270
1823.91;-3.350
1823.46;-3.310
1823.00;-3.340
1822.56;-2.700
1822.12;-4.170
1821.69;-3.420
1821.27;-3.610
1820.87;-3.480
1820.48;-3.300
1820.11;-3.220
1819.74;-3.370
1819.37;-3.240
1819.00;-3.690
1818.63;-3.030
1818.27;-3.020
1817.91;-3.510
1817.55;-3.390
1817.19;-3.480
1816.83;-2.990
1816.48;-3.220
1816.13;-3.380
1815.77;-3.570
1815.42;-3.270
1815.08;-3.480
1814.73;-3.160
1814.38;-3.680
1814.04;-3.900
1813.70;-3.760
1813.35;-3.600
1813.01;-3.690
1812.67;-3.710
1812.33;-3.700
1811.99;-3.500
1811.66;-3.560
1811.32;-3.590
1810.98;-3.730
1810.65;-3.890
1810.31;-3.940
1809.98;-3.950
1809.65;-3.920
1809.31;-4.080
1808.98;-4.080
1808.65;-4.180
1808.31;-4.150
1807.98;-4.170
1807.65;-3.710
1807.32;-3.580
1806.99;-3.750
1806.65;-3.650
1806.32;-3.950
1805.99;-3.470
1805.65;-4.210
1805.32;-3.680
1804.99;-4.690
1804.65;-3.460
1804.32;-3.450
1803.98;-3.540
1803.65;-3.360
1803.31;-3.120
1802.97;-3.270
1802.63;-3.390
1802.30;-3.090
1801.96;-3.190
1801.61;-3.090
1801.27;-3.170
1800.93;-3.150
1800.58;-3.130
1800.24;-3.230
1799.89;-3.140
1799.54;-3.070
1799.19;-3.170
1798.84;-3.110
1798.49;-3.100
1798.14;-3.410
1797.80;-3.180
1797.48;-3.280
1797.16;-3.170
1796.85;-3.200
1796.54;-3.580
1796.23;-3.260
1795.93;-3.440
1795.62;-3.770
1795.31;-3.370
1795.00;-3.100
1794.68;-3.230
1794.36;-3.270
1794.02;-3.470
1793.67;-3.500
1793.31;-3.360
1792.94;-3.420
1792.55;-3.220
1792.14;-3.150
1791.71;-3.350
1791.25;-3.040
1790.78;-3.110
1790.28;-3.330
1789.75;-3.860
1789.17;-3.500
1788.46;-3.210
1787.61;-3.780
1786.67;-3.650
1785.66;-3.290
1784.61;-3.100
1783.55;-3.980
1782.52;-3.250
1781.49;-3.010
1780.44;-3.270
1779.36;-3.640
1778.26;-3.400
1777.14;-3.710
1775.99;-3.490
1774.82;-3.850
1773.64;-3.610
1772.44;-3.980
1771.22;-4.020
1769.99;-3.640
1768.75;-3.210
1767.50;-3.620
1766.23;-3.440
1764.96;-3.600
1763.69;-3.460
1762.41;-3.670
1761.12;-3.440
1759.84;-3.160
1758.55;-3.560
1755.98;-3.470
1754.70;-3.340
1753.43;-3.420
1752.17;-3.660
1750.91;-3.590
1749.66;-3.350
1747.21;-3.980
1746.00;-4.300
1744.81;-3.630
1743.64;-3.700
1742.49;-3.690
1741.35;-3.700
1740.21;-3.990
1739.09;-3.710
1737.97;-3.450
1736.85;-3.510
1735.75;-3.620
1733.57;-3.600
1732.49;-3.500
1731.43;-3.730
1730.40;-3.760
1729.39;-3.660
1728.40;-3.490
1727.43;-3.650
1726.47;-3.540
1725.52;-3.420
1724.58;-3.490
1723.65;-3.670
1722.72;-3.700
1721.80;-3.880
1720.87;-3.680
1719.93;-3.680
1718.99;-3.710
1718.04;-3.760
1717.07;-3.520
1715.09;-3.240
1714.07;-3.550
1703.49;-4.250
1701.92;-4.500
1700.01;-4.710
1695.77;-4.300
1693.72;-3.980
1691.91;-3.750
1690.49;-4.090
1689.58;-4.060
1688.47;-4.100
1687.97;-3.450
1685.94;-4.500
1685.62;-3.750
1685.33;-3.500
1685.06;-3.210
1684.82;-4.220
1684.60;-3.780
1684.41;-3.640
1684.24;-3.860
1684.07;-3.590
1683.91;-3.670
1683.76;-3.330
1683.60;-4.440
1683.45;-3.400
1683.30;-3.650
1683.15;-3.560
1683.01;-4.030
1682.86;-4.060
1682.72;-3.750
1682.58;-3.680
1682.44;-3.730
1682.30;-4.230
1682.17;-3.650
1682.03;-3.470
1681.90;-3.580
1681.77;-3.990
1681.63;-3.900
1681.50;-3.540
1681.37;-3.410
1681.24;-3.840
1681.11;-3.430
1680.99;-3.550
1680.86;-3.530
1680.73;-3.530
1680.60;-3.620
1680.47;-3.590
1680.34;-3.870
1680.21;-3.750
1680.08;-3.820
1679.95;-3.750
1679.82;-3.840
1679.69;-3.660
1679.56;-3.790
1679.42;-3.910
1679.29;-3.730
1679.15;-3.950
1679.01;-3.790
1678.88;-3.860
1678.74;-3.710
1678.59;-3.900
1678.45;-3.780
1678.30;-3.860
1678.15;-3.760
1678.00;-3.700
1677.85;-3.730
1677.70;-3.720
1677.54;-3.810
1677.38;-3.730
1677.21;-3.890
1677.05;-3.750
1676.88;-3.710
1676.71;-3.700
1676.53;-3.770
1676.34;-3.470
1676.14;-3.670
1675.91;-3.650
1675.66;-3.850
1675.40;-3.670
1675.12;-3.470
1674.83;-3.520
1674.52;-3.480
1674.19;-3.870
1673.86;-3.750
1673.51;-3.530
1673.14;-3.320
1672.72;-3.360
1672.27;-3.610
1671.79;-3.400
1671.27;-3.760
1670.72;-3.980
1670.13;-3.700
1669.52;-3.870
1668.89;-3.880
1668.23;-3.650
1667.54;-3.790
1666.84;-3.670
1666.12;-3.980
1665.38;-3.690
1664.62;-3.750
1663.85;-3.790
1663.07;-3.630
1662.27;-3.840
1661.47;-4.170
1660.67;-4.060
1658.22;-3.810
1657.41;-3.480
1656.60;-3.390
1655.79;-3.660
1654.98;-3.570
1654.19;-3.640
1653.41;-4.180
1652.63;-3.900
1651.87;-3.750
1651.13;-3.360
1650.40;-3.270
1649.69;-3.590
1648.98;-3.550
1648.25;-3.520
1646.74;-3.260
1645.99;-3.380
1645.25;-3.380
1644.53;-3.580
1643.83;-3.190
1643.17;-3.270
1642.54;-3.160
1641.93;-3.460
1641.29;-4.430
1640.64;-3.490
1640.00;-4.200
1639.39;-3.740
1638.82;-3.950
1638.30;-3.220
1637.87;-3.500
1637.52;-3.580
1637.25;-3.390
1637.01;-3.250
1636.25;-3.030
1636.08;-3.310
1635.91;-3.330
1635.73;-3.240
1635.53;-3.080
1635.32;-3.570
1635.08;-3.300
1634.80;-3.200
1634.49;-3.610
1634.07;-3.570
1633.51;-3.520
1632.82;-3.920
1632.02;-3.690
1631.14;-3.270
1630.20;-3.470
1629.23;-3.570
1628.24;-3.580
1627.26;-3.600
1626.13;-3.880
1624.79;-4.080
1623.42;-2.970
1622.19;-3.620
1621.09;-3.490
1619.73;-3.620
1615.75;-4.190
1615.06;-3.420
1614.44;-3.670
1613.88;-3.520
1613.37;-3.360
1612.92;-3.580
1612.51;-3.390
1612.14;-3.350
1611.81;-3.440
1611.50;-3.530
1611.22;-3.600
1610.95;-3.500
1610.70;-3.750
1610.46;-3.720
1610.21;-3.700
1609.97;-3.870
1609.71;-4.010
1609.45;-3.820
1609.16;-3.700
1608.84;-3.600
1608.50;-3.570
1608.13;-3.500
1607.75;-4.130
1607.36;-3.750
1606.96;-3.510
1606.55;-3.520
1606.13;-3.630
1605.71;-3.690
1605.27;-3.770
1604.83;-3.640
1604.39;-3.630
1603.94;-3.590
1603.49;-3.520
1602.49;-3.960
1601.93;-3.500
1601.34;-3.510
1600.75;-3.410
1600.14;-3.390
1599.55;-3.260
1598.97;-3.690
1598.43;-3.370
1597.92;-3.350
1597.47;-3.350
1597.05;-3.550
1596.64;-3.510
1596.24;-3.640
1595.84;-3.520
1595.45;-3.610
1595.07;-3.340
1594.69;-3.550
1594.32;-3.590
1593.95;-3.760
1593.60;-3.460
1593.24;-3.600
1592.89;-3.570
1591.55;-3.520
1591.23;-3.460
1590.91;-4.040
1590.60;-3.280
1590.29;-3.350
1589.98;-3.430
1589.67;-3.540
1589.38;-3.330
1589.08;-3.110
1588.79;-3.150
1588.49;-3.260
1588.21;-3.210
1587.92;-3.410
1587.64;-3.180
1587.36;-3.170
1587.08;-3.280
1586.80;-3.280
1586.53;-3.570
1586.25;-3.270
1585.98;-3.280
1585.71;-3.370
1585.44;-3.680
1585.17;-3.510
1584.90;-3.250
1584.36;-3.670
1584.10;-3.420
1583.83;-3.270
1583.56;-3.260
1583.29;-3.590
1583.02;-3.610
1582.75;-3.420
1582.47;-3.430
1582.20;-4.100
1581.93;-3.510
1581.65;-3.450
1581.37;-3.540
1581.09;-3.390
1580.81;-3.340
1580.52;-3.330
1580.24;-3.530
1579.95;-3.280
1579.65;-3.320
1579.36;-3.470
1579.06;-3.780
1578.75;-3.610
1578.45;-3.420
1578.14;-3.570
1577.82;-3.790
1577.50;-3.480
1577.18;-3.840
1576.85;-3.610
1576.52;-3.580
1576.18;-3.850
1575.84;-3.400
1575.49;-3.370
1575.14;-3.470
1574.78;-3.450
1574.42;-3.490
1574.04;-3.700
1573.67;-3.500
1572.89;-3.670
1572.50;-3.920
1572.08;-3.580
1571.64;-3.500
1571.16;-3.470
1570.67;-3.600
1570.15;-3.650
1569.61;-3.480
1569.06;-3.420
1568.50;-3.370
1567.92;-3.350
1567.34;-3.480
1566.76;-3.170
1566.17;-3.120
1565.59;-3.060
1565.01;-3.160
1564.44;-3.240
1563.88;-3.350
1563.34;-3.280
1562.81;-3.230
1562.30;-3.390
1561.81;-3.640
1561.35;-3.370
1560.92;-3.450
1560.52;-3.400
1560.15;-3.580
1559.82;-3.500
1559.53;-3.650
1559.27;-3.500
1559.01;-3.720
1558.77;-3.460
1558.54;-3.450
1558.31;-3.410
1558.10;-3.470
1557.89;-3.450
1557.68;-3.370
1557.49;-3.380
1557.30;-3.440
1557.12;-3.360
1556.94;-3.410
1556.76;-3.470
1556.59;-3.420
1556.42;-3.450
1556.26;-3.430
1556.09;-3.430
1555.93;-3.320
1555.77;-3.430
1555.61;-3.490
1555.45;-3.450
1555.29;-3.400
1555.12;-3.370
1554.96;-3.290
1554.79;-3.160
1554.62;-3.160
1554.45;-3.230
1554.27;-3.200
1554.09;-3.310
1553.90;-3.270
1553.71;-3.430
1553.51;-3.400
1553.30;-3.330
1553.08;-3.280
1552.86;-3.220
1552.63;-3.270
1552.39;-3.300
1552.15;-3.300
1551.90;-3.550
1551.65;-3.430
1551.39;-3.480
1551.13;-3.440
1550.87;-3.450
1550.60;-3.320
1550.33;-3.360
1550.05;-3.360
1549.77;-3.240
1549.48;-3.590
1549.19;-3.260
1548.90;-3.490
1548.60;-3.170
1548.30;-3.590
1547.99;-3.190
1547.68;-3.470
1547.37;-3.500
1547.05;-3.370
1546.73;-3.840
1546.41;-3.540
1546.08;-3.310
1545.74;-3.280
1545.41;-3.360
1545.07;-3.480
1544.73;-3.450
1544.38;-3.480
1544.03;-3.550
1543.68;-3.620
1543.32;-3.440
1542.96;-3.620
1542.59;-3.570
1542.23;-3.320
1541.86;-3.480
1541.48;-3.570
1541.11;-3.430
1540.73;-3.560
1540.34;-3.680
1539.96;-3.650
1539.57;-3.550
1539.18;-3.600
1538.78;-3.520
1538.38;-3.700
1537.98;-3.810
1537.58;-3.910
1537.17;-3.740
1536.76;-3.740
1536.35;-3.690
1535.93;-3.740
1535.51;-3.750
1535.09;-3.720
1534.67;-3.710
1534.25;-3.930
1533.82;-3.680
1533.39;-3.550
1532.95;-3.580
1532.52;-3.470
1532.08;-3.490
1531.64;-3.380
1531.20;-3.340
1530.75;-3.400
1530.30;-3.480
1529.85;-3.500
1529.40;-3.620
1528.95;-3.630
1528.49;-3.560
1528.03;-3.740
1527.57;-3.730
1527.11;-3.670
1526.65;-3.720
1526.18;-3.700
1525.71;-3.630
1525.24;-3.660
1524.77;-3.770
1524.30;-3.560
1523.82;-3.640
1523.35;-3.800
1522.87;-3.670
1522.39;-3.740
1521.91;-3.780
1521.42;-3.800
1520.94;-3.940
1520.45;-3.810
1519.97;-3.590
1519.48;-3.620
1518.99;-3.730
1518.49;-3.840
1518.00;-3.650
1517.51;-3.730
1517.01;-3.510
1516.51;-3.610
1516.02;-3.530
1515.52;-3.530
1515.02;-3.410
1514.52;-3.450
1514.01;-3.490
1513.51;-3.510
1513.01;-3.490
1512.50;-3.490
1511.99;-3.450
1511.49;-3.470
1510.98;-3.470
1510.47;-3.470
1509.96;-3.490
1509.45;-3.500
1508.94;-3.460
1508.43;-3.450
1507.92;-3.410
1507.41;-3.500
1506.90;-3.560
1506.38;-3.580
1505.87;-3.730
1505.36;-3.930
1504.84;-3.910
1504.33;-4.010
1503.81;-3.950
1503.30;-3.850
1502.78;-3.830
1502.27;-3.790
1501.75;-3.640
1501.23;-3.720
1500.72;-3.730
1500.20;-3.600
1499.69;-3.700
1499.17;-3.680
1498.66;-3.820
1498.14;-3.710
1497.63;-3.740
1497.11;-3.700
1496.60;-3.820
1496.08;-3.710
1495.57;-3.980
1495.05;-3.490
1494.54;-3.830
1494.03;-3.990
1493.51;-3.600
1493.00;-3.680
1492.49;-3.660
1491.98;-3.670
1491.47;-3.950
1490.96;-3.910
1490.45;-4.120
1489.94;-3.940
1489.43;-3.670
1488.92;-3.650
1488.42;-3.560
1487.91;-3.590
1487.41;-3.510
1486.91;-3.450
1486.40;-3.650
1485.90;-3.690
1485.40;-3.560
1484.90;-3.550
1484.40;-3.370
1483.90;-3.490
1483.39;-3.600
1482.88;-3.520
1482.35;-3.600
1481.83;-3.790
1481.29;-3.710
1480.75;-3.750
1480.20;-3.830
1479.65;-3.980
1479.09;-3.810
1478.52;-3.930
1477.95;-3.800
1477.38;-3.800
1476.80;-3.820
1476.21;-4.010
1475.62;-3.960
1475.02;-4.050
1474.42;-3.740
1473.82;-4.000
1473.21;-3.900
1472.60;-4.430
1471.99;-4.090
1471.37;-4.100
1470.74;-3.930
1469.49;-4.000
1468.22;-3.900
1467.59;-4.020
1466.95;-4.030
1466.31;-3.950
1465.66;-3.900
1465.02;-3.860
1464.37;-3.940
1463.72;-3.940
1463.07;-4.040
1462.42;-3.790
1461.77;-3.680
1461.12;-3.930
1460.46;-4.080
1459.81;-4.410
1459.16;-3.860
1458.50;-3.610
1457.85;-3.790
1457.19;-3.600
1456.54;-3.900
1455.89;-3.590
1455.23;-3.550
1454.58;-3.560
1453.93;-3.720
1453.28;-3.670
1452.63;-3.620
1451.99;-3.840
1451.34;-3.930
1450.70;-3.930
1450.06;-3.740
1449.42;-3.960
1448.79;-3.800
1448.15;-3.920
1447.52;-3.910
1446.89;-3.600
1446.27;-3.780
1445.65;-3.590
1445.03;-3.480
1444.42;-3.720
1443.81;-3.690
1443.20;-3.760
1442.60;-3.480
1442.00;-3.990
1441.40;-3.520
1440.82;-3.400
1440.23;-3.600
1439.65;-3.650
1439.08;-3.980
1438.51;-3.570
1437.95;-4.040
1437.39;-3.800
1436.84;-4.440
1436.29;-3.970
1435.75;-3.700
1435.22;-3.710
1434.69;-3.620
1434.17;-3.570
1433.66;-3.560
1433.15;-3.540
1432.65;-3.430
1432.16;-3.500
1431.67;-3.390
1431.20;-3.350
1430.73;-3.380
1430.27;-3.450
1429.82;-3.380
1429.37;-3.350
1428.94;-3.380
1428.51;-3.330
1428.09;-3.340
1427.68;-3.380
1427.28;-3.310
1426.89;-3.290
1426.51;-3.240
1426.14;-3.270
1425.78;-3.320
1425.43;-3.330
1425.09;-3.400
1424.76;-3.540
1424.43;-3.490
1424.11;-3.570
1423.80;-3.520
1423.49;-3.470
1423.19;-3.500
1422.89;-3.450
1422.60;-3.540
1422.32;-3.560
1422.04;-3.700
1421.76;-3.570
1421.49;-3.610
1421.22;-3.700
1420.96;-3.600
1420.70;-3.600
1420.45;-3.680
1420.20;-3.670
1419.95;-3.840
1419.70;-3.780
1419.46;-3.810
1419.23;-3.770
1418.99;-3.760
1418.76;-3.750
1418.53;-3.680
1418.31;-3.710
1418.08;-3.880
1417.86;-3.680
1417.64;-3.720
1417.42;-3.830
1417.21;-3.690
1416.99;-3.730
1416.78;-3.720
1416.57;-3.870
1416.35;-3.980
1416.14;-4.000
1415.93;-4.020
1415.72;-4.020
1415.51;-3.990
1415.30;-3.960
1415.09;-3.970
1414.89;-4.010
1414.68;-3.880
1414.46;-3.900
1414.25;-3.710
1414.04;-3.780
1413.83;-3.720
1413.61;-3.620
1413.40;-3.620
1413.18;-3.540
1412.96;-3.450
1412.74;-3.540
1412.52;-3.320
1412.29;-3.380
1412.06;-3.390
1411.83;-3.480
1411.60;-3.480
1411.36;-3.480
1411.12;-3.670
1410.88;-3.650
1410.63;-3.720
1410.38;-3.820
1410.13;-3.890
1409.87;-3.890
1409.61;-3.770
1409.35;-3.730
1409.08;-3.710
1408.80;-3.640
1408.52;-3.670
1408.24;-3.680
1407.65;-3.600
1407.35;-3.650
1407.05;-3.550
1406.74;-3.480
1406.42;-3.420
1406.09;-3.410
1405.76;-3.440
1405.43;-3.420
1405.09;-3.380
1404.74;-3.450
1404.39;-3.360
1404.03;-3.360
1403.67;-3.360
1403.30;-3.590
1402.93;-3.410
1402.55;-3.600
1402.17;-3.580
1401.79;-3.680
1401.39;-3.630
1401.00;-3.570
1400.60;-3.570
1400.19;-3.530
1399.78;-3.430
1399.36;-3.340
1398.94;-3.400
1398.52;-3.580
1398.09;-3.720
1397.66;-3.530
1397.22;-3.520
1396.77;-3.580
1396.33;-3.870
1395.87;-3.570
1395.42;-3.590
1394.96;-3.480
1394.49;-3.520
1394.02;-3.590
1393.55;-3.590
1393.07;-3.710
1392.59;-3.810
1392.10;-3.680
1391.61;-3.630
1391.11;-3.670
1390.61;-3.650
1390.11;-3.680
1389.60;-3.620
1389.09;-3.640
1388.58;-3.590
1388.06;-3.460
1387.53;-3.580
1387.01;-3.550
1386.48;-3.670
1385.94;-3.440
1385.40;-3.470
1384.86;-3.350
1384.32;-3.380
1383.77;-3.460
1383.21;-3.320
1382.66;-3.490
1382.10;-3.600
1381.53;-3.580
1380.96;-3.790
1380.39;-3.650
1379.82;-3.610
1379.24;-3.680
1378.66;-3.650
1378.08;-3.720
1377.49;-3.840
1376.90;-3.980
1376.30;-3.710
1375.70;-3.800
1375.10;-3.730
1374.50;-3.880
1373.89;-3.630
1373.28;-3.830
1372.67;-3.750
1372.05;-3.740
1371.43;-3.650
1370.81;-3.660
1370.19;-3.710
1369.56;-3.720
1368.93;-3.780
1368.29;-3.800
1367.66;-3.750
1367.02;-3.750
1366.38;-3.790
1365.73;-3.780
1365.08;-3.790
1364.43;-3.680
1363.78;-3.710
1363.13;-3.690
1362.47;-3.830
1361.81;-3.820
1361.15;-3.820
1360.48;-3.710
1359.81;-3.710
1359.14;-3.540
1358.47;-3.580
1357.80;-3.590
1357.12;-3.600
1356.44;-3.980
1355.76;-3.680
1355.08;-3.670
1354.39;-3.510
1353.70;-3.470
1353.01;-3.440
1352.32;-3.550
1351.63;-3.450
1350.93;-3.470
1350.23;-3.650
1349.53;-3.710
1348.83;-3.710
1348.13;-3.700
1347.42;-3.580
1346.72;-3.670
1346.01;-4.030
1345.30;-3.580
1344.59;-3.730
1343.87;-3.840
1343.16;-3.820
1341.72;-4.350
1341.00;-4.050
1340.28;-4.080
1339.56;-4.090
1338.83;-4.150
1338.11;-4.180
1337.38;-4.230
1336.65;-4.270
1335.92;-4.280
1335.19;-4.200
1334.46;-4.270
1333.73;-4.270
1332.99;-4.330
1332.26;-4.300
1331.52;-4.290
1330.78;-4.320
1330.04;-4.290
1329.30;-4.360
1328.56;-4.360
1327.82;-4.330
1327.08;-4.310
1326.33;-4.380
1325.59;-4.410
1324.85;-4.480
1324.10;-4.470
1323.35;-4.410
1322.61;-4.430
1321.86;-4.380
1321.11;-4.470
1320.36;-4.520
1319.61;-4.570
1318.86;-4.440
1318.11;-4.460
1317.36;-4.400
1316.61;-4.370
1315.85;-4.530
1315.10;-4.450
1314.35;-4.460
1313.60;-4.340
1312.84;-4.320
1312.09;-4.230
1311.34;-4.050
1310.58;-3.980
1309.83;-4.040
1309.07;-4.100
1308.32;-4.150
1307.56;-4.230
1306.81;-4.270
1306.06;-4.280
1305.30;-4.100
1304.55;-4.250
1303.79;-4.150
1303.04;-4.190
1302.29;-4.250
1301.53;-4.150
1300.78;-3.880
1300.03;-3.780
1299.27;-3.580
1298.52;-3.810
1297.77;-3.680
1297.02;-3.420
1296.27;-3.500
1295.51;-3.910
1294.75;-3.990
1293.97;-3.980
1293.19;-4.270
1292.40;-3.760
1291.60;-3.830
1290.79;-3.970
1289.97;-3.950
1289.14;-4.200
1288.31;-4.340
1287.47;-4.630
1286.62;-4.630
1285.76;-4.440
1284.90;-4.450
1284.02;-4.580
1283.15;-4.390
1282.26;-5.090
1281.37;-4.840
1280.47;-4.270
1279.56;-4.630
1278.65;-4.680
1277.73;-4.250
1276.81;-3.970
1275.88;-3.860
1274.95;-3.730
1274.01;-3.700
1273.06;-3.600
1272.11;-3.830
1271.16;-4.020
1270.20;-4.370
1269.23;-4.210
1268.26;-4.260
1267.29;-4.110
1266.31;-4.170
1265.33;-4.220
1264.34;-4.090
1263.36;-4.000
1262.36;-4.050
1261.37;-3.970
1260.37;-3.930
1259.37;-4.110
1258.36;-4.200
1257.36;-4.310
1256.35;-4.260
1255.34;-4.050
1254.32;-3.900
1253.31;-3.940
1252.29;-3.760
1251.27;-3.580
1250.25;-3.670
1249.23;-3.690
1248.21;-3.910
1247.18;-4.200
1246.16;-4.420
1245.13;-4.560
1244.11;-4.680
1243.08;-4.570
1242.06;-4.770
1241.03;-4.630
1240.00;-4.570
1238.98;-4.580
1237.96;-4.660
1236.93;-4.790
1235.91;-4.780
1234.89;-4.690
1233.87;-4.520
1232.85;-4.350
1231.83;-4.250
1230.81;-4.280
1229.80;-4.280
1228.78;-4.410
1227.77;-4.360
1226.77;-4.220
1225.76;-4.170
1224.76;-4.230
1223.76;-4.360
1222.76;-4.120
1221.77;-3.950
1220.78;-3.980
1219.79;-4.020
1218.81;-4.090
1217.83;-4.070
1216.86;-3.970
1215.88;-3.900
1214.92;-3.970
1213.96;-3.880
1213.00;-3.800
1211.10;-3.770
1210.16;-3.660
1209.22;-3.600
1208.29;-3.520
1207.36;-3.440
1206.44;-3.640
1205.53;-3.630
1204.62;-3.720
1203.72;-3.620
1202.82;-3.540
1201.94;-3.520
1201.05;-3.710
1200.18;-3.880
1199.31;-3.920
1198.45;-3.960
1197.60;-3.960
1196.75;-3.720
1195.92;-3.920
1195.09;-3.750
1194.27;-3.820
1193.45;-4.040
1192.65;-4.130
1191.85;-4.180
1191.07;-4.040
1190.29;-3.950
1189.52;-3.900
1188.76;-3.880
1188.01;-4.060
1187.27;-4.110
1186.54;-4.260
1185.82;-4.240
1185.11;-4.490
1184.41;-4.700
1183.72;-4.480
1183.04;-4.220
1182.37;-4.340
1181.71;-4.120
1181.06;-3.970
1180.40;-3.790
1179.76;-3.860
1179.11;-4.070
1178.48;-4.040
1177.84;-4.060
1177.21;-3.990
1176.59;-3.850
1175.96;-3.690
1175.35;-3.600
1174.73;-3.740
1174.12;-3.650
1173.52;-3.600
1172.92;-3.540
1172.32;-3.690
1171.72;-3.810
1171.13;-3.810
1170.55;-3.700
1169.96;-4.110
1169.38;-4.040
1168.81;-4.010
1168.24;-4.380
1167.67;-3.950
1167.10;-4.100
1166.54;-3.910
1165.98;-4.180
1165.43;-4.700
1164.88;-4.280
1164.33;-3.950
1163.79;-4.010
1163.24;-4.130
1162.70;-4.010
1162.17;-4.080
1161.64;-3.930
1161.11;-3.920
1160.58;-4.030
1160.06;-3.970
1159.54;-3.810
1159.02;-4.160
1158.50;-3.870
1157.99;-3.900
1157.48;-4.090
1156.98;-4.050
1156.47;-3.960
1155.97;-3.990
1155.47;-3.730
1154.97;-3.960
1154.48;-3.790
1153.99;-3.760
1153.50;-3.600
1153.01;-3.870
1152.53;-3.590
1152.04;-3.600
1151.56;-3.690
1151.09;-3.750
1150.61;-3.840
1150.14;-3.460
1149.66;-3.530
1149.19;-3.640
1148.73;-3.790
1148.26;-3.810
1147.80;-3.820
1147.33;-3.680
1146.87;-3.560
1146.41;-3.910
1145.96;-3.690
1145.50;-3.540
1145.05;-3.750
1144.59;-3.890
1144.14;-3.760
1143.69;-3.700
1143.25;-3.640
1142.80;-3.800
1142.35;-3.620
1141.91;-3.830
1141.47;-3.730
1141.02;-3.700
1140.58;-3.680
1140.14;-3.410
1139.71;-3.400
1139.27;-3.500
1138.83;-3.400
1138.40;-3.520
1137.53;-3.970
1137.10;-4.000
1136.66;-3.540
1136.23;-3.600
1135.80;-3.840
1134.94;-4.320
1134.52;-4.260
1134.09;-4.420
1133.66;-4.520
1133.23;-4.590
1132.38;-4.500
1131.95;-4.320
1131.53;-4.380
1131.10;-4.090
1130.67;-4.250
1130.25;-3.990
1129.82;-4.330
1129.40;-4.590
1128.97;-4.210
1128.55;-4.170
1128.12;-4.120
1127.70;-4.460
1127.27;-3.930
1126.84;-4.810
1126.42;-3.970
1125.99;-3.960
1125.56;-4.400
1125.14;-4.080
1124.71;-4.780
1124.28;-4.300
1123.85;-4.430
1123.42;-4.380
1122.99;-4.390
1122.56;-4.490
1122.13;-4.330
1121.70;-3.900
1121.27;-4.090
1120.83;-4.070
1120.40;-3.940
1119.96;-4.360
1119.53;-4.190
1119.09;-4.250
1118.65;-4.420
1118.21;-4.440
1117.77;-4.610
1117.33;-4.610
1116.89;-3.910
1116.44;-4.010
1116.00;-4.330
1115.55;-4.310
1115.10;-3.910
1114.65;-4.140
1114.20;-4.430
1113.75;-4.230
1113.30;-3.950
1112.84;-4.400
1112.38;-3.970
1111.92;-3.860
1111.46;-3.900
1111.00;-3.820
1110.54;-4.040
1110.07;-3.850
1109.60;-3.770
1109.13;-3.730
1108.66;-3.600
1108.19;-3.550
1107.71;-3.440
1107.23;-3.600
1106.75;-3.450
1106.27;-3.540
1105.78;-3.710
1105.30;-3.550
1104.81;-3.540
1104.32;-3.550
1103.82;-3.470
1103.33;-3.380
1102.83;-3.370
1102.33;-3.430
1101.82;-3.110
1101.31;-3.280
1100.81;-3.330
1100.29;-3.210
1099.78;-3.310
1099.26;-3.070
1098.74;-3.190
1098.22;-3.030
1097.69;-2.930
1097.16;-3.040
1096.63;-3.140
1096.09;-3.170
1095.55;-3.290
1095.01;-3.140
1094.47;-3.200
1093.92;-2.990
1093.37;-2.950
1092.81;-3.080
1092.26;-2.940
1091.69;-2.890
1091.13;-2.860
1090.56;-2.960
1089.99;-3.070
1089.41;-3.100
1088.83;-3.150
1088.25;-3.130
1087.66;-3.140
1087.07;-3.020
1086.48;-2.890
1085.88;-2.850
1085.28;-3.040
1084.68;-3.010
1084.07;-2.990
1083.45;-2.980
1082.83;-2.810
1082.21;-2.860
1081.59;-2.940
1080.96;-2.880
1080.32;-2.990
1079.68;-3.000
1079.04;-2.830
1078.39;-2.860
1077.72;-3.060
1077.04;-3.050
1076.34;-3.150
1075.63;-3.100
1074.92;-3.070
1074.19;-3.180
1073.45;-3.130
1072.69;-3.120
1071.93;-3.100
1071.16;-3.280
1070.38;-3.110
1069.58;-3.240
1068.78;-3.230
1067.97;-3.300
1067.15;-3.140
1066.33;-3.340
1065.49;-3.230
1064.65;-3.090
1063.80;-3.120
1062.94;-2.990
1062.08;-3.000
1061.21;-3.060
1060.33;-3.270
1059.45;-3.090
1058.56;-3.010
1057.67;-3.080
1056.77;-3.080
1055.87;-3.010
1054.97;-3.240
1054.06;-3.310
1053.15;-3.180
1052.23;-3.450
1051.31;-3.220
1050.39;-3.230
1049.47;-3.350
1048.55;-3.320
1047.62;-3.290
1046.70;-3.480
1045.77;-3.420
1044.84;-3.500
1043.91;-3.350
1042.99;-3.340
1042.06;-3.360
1041.14;-3.310
1040.21;-3.500
1037.45;-3.500
1036.53;-3.580
1035.62;-3.540
1034.71;-3.530
1033.80;-3.430
1032.90;-3.450
1032.00;-3.400
1031.11;-3.310
1030.22;-3.490
1029.34;-3.160
1028.46;-3.440
1027.59;-3.480
1026.72;-3.920
1025.86;-3.830
1025.01;-3.810
1024.17;-3.890
1023.33;-4.010
1022.50;-3.960
1021.68;-3.840
1020.86;-4.010
1020.06;-4.050
1019.26;-3.850
1018.48;-3.910
1017.70;-3.940
1016.94;-4.040
1016.18;-4.030
1015.44;-4.090
1014.70;-3.840
1013.98;-3.940
1013.27;-3.710
1012.57;-3.930
1011.89;-3.860
1011.21;-3.630
1010.55;-3.650
1009.91;-3.730
1009.28;-3.720
1008.65;-3.720
1008.04;-4.410
1007.42;-4.090
1006.80;-4.150
1006.19;-4.150
1005.57;-4.520
1004.96;-4.540
1004.35;-4.370
1003.75;-4.240
1003.14;-4.080
1002.54;-4.140
1001.93;-3.950
1001.33;-3.730
1000.73;-4.040
1000.14;-3.970
999.54;-3.930
998.95;-3.910
998.35;-4.020
997.76;-3.900
997.18;-3.880
996.59;-4.040
996.00;-3.980
995.42;-4.000
994.84;-3.910
994.26;-3.800
993.68;-3.730
993.10;-3.880
992.53;-3.820
991.96;-3.740
991.39;-3.740
990.82;-4.190
990.25;-4.210
989.69;-3.980
989.12;-3.950
988.56;-3.970
988.00;-4.150
987.45;-3.800
986.89;-3.840
986.34;-4.010
985.79;-3.910
985.24;-3.860
984.69;-4.120
984.14;-4.050
983.60;-4.350
983.06;-4.090
982.52;-4.000
981.98;-4.080
981.44;-3.870
980.91;-3.780
980.38;-3.880
979.85;-3.730
979.32;-3.710
978.80;-3.740
978.27;-3.510
977.75;-3.710
977.23;-3.620
976.71;-3.670
976.20;-3.760
975.69;-3.760
975.17;-3.790
974.67;-3.800
974.16;-3.780
973.65;-3.900
973.15;-3.890
972.65;-3.970
972.15;-4.000
971.66;-3.930
971.16;-4.010
970.67;-3.880
970.18;-3.710
969.69;-3.600
969.21;-3.910
968.73;-3.820
968.25;-3.520
967.77;-3.900
967.29;-3.980
966.82;-3.910
966.35;-3.950
965.88;-4.010
965.41;-4.080
964.94;-3.890
964.48;-3.820
964.02;-3.930
963.56;-3.790
963.11;-3.800
962.65;-3.650
962.20;-3.430
961.75;-3.570
961.31;-3.570
960.86;-3.970
960.42;-3.300
959.98;-3.240
959.55;-3.400
959.11;-3.340
958.68;-3.430
958.25;-3.500
957.82;-3.430
957.40;-3.700
956.98;-3.910
956.56;-3.970
956.14;-3.850
955.73;-4.050
955.31;-4.080
954.90;-4.270
954.50;-3.870
954.09;-3.770
953.69;-3.900
953.29;-3.940
952.89;-3.750
952.50;-3.710
952.10;-3.860
951.71;-3.940
951.33;-4.100
950.94;-3.840
950.56;-4.060
950.18;-4.080
949.80;-3.900
949.43;-3.960
949.06;-3.960
948.69;-3.830
948.32;-3.720
947.96;-3.770
947.60;-3.910
947.24;-4.190
946.88;-4.050
946.53;-4.400
946.18;-4.130
945.83;-4.490
945.48;-4.470
945.14;-4.530
944.80;-4.000
944.46;-4.010
944.13;-3.600
943.80;-3.680
943.47;-3.350
943.14;-3.450
942.82;-3.190
942.50;-3.080
942.17;-3.330
941.84;-3.290
941.51;-3.120
941.18;-3.140
940.85;-3.380
940.52;-3.120
940.18;-2.990
939.85;-3.030
939.51;-3.580
939.18;-3.110
938.85;-3.170
938.51;-3.010
938.18;-3.620
937.85;-3.460
937.53;-3.820
937.20;-3.780
936.88;-3.830
936.56;-3.920
936.25;-3.790
935.94;-3.780
935.63;-3.810
935.33;-3.720
935.04;-3.950
934.75;-3.950
934.46;-4.040
934.18;-3.980
932.20;-3.910
931.99;-3.830
931.79;-3.800
931.60;-3.940
931.42;-3.770
931.24;-4.140
931.07;-3.800
930.91;-3.900
930.74;-3.980
930.58;-3.660
930.42;-3.880
930.27;-3.820
930.12;-4.330
929.96;-4.050
929.81;-3.940
929.66;-3.870
929.50;-3.800
929.34;-3.920
929.18;-4.130
929.02;-4.090
928.86;-4.240
928.69;-4.210
928.51;-4.090
928.33;-4.050
928.14;-3.980
927.95;-4.130
927.75;-3.950
927.54;-4.130
927.32;-3.960
927.10;-4.320
926.86;-4.150
926.61;-3.910
926.36;-3.680
926.09;-3.940
925.80;-4.010
925.51;-4.130
925.20;-4.190
924.88;-4.350
924.54;-4.430
924.19;-4.220
923.76;-3.980
923.03;-4.020
921.99;-3.640
920.67;-3.590
917.23;-3.580
915.15;-3.900
912.86;-3.940
910.38;-3.860
907.73;-3.690
904.93;-3.550
901.99;-3.350
898.94;-3.460
895.79;-3.620
892.57;-3.450
889.29;-3.600
885.98;-3.650
882.65;-3.770
879.32;-3.500
876.01;-3.630
872.74;-3.500
869.53;-3.480
866.41;-3.440
863.38;-3.730
860.47;-3.430
857.70;-3.530
855.09;-3.560
852.65;-3.490
850.41;-3.400
848.39;-3.420
846.60;-3.550
845.07;-3.510
843.80;-3.620
842.84;-3.650
842.06;-3.700
841.30;-3.920
840.56;-3.970
839.84;-4.060
839.13;-4.090
838.45;-4.170
837.77;-4.080
837.11;-4.080
836.47;-4.090
835.85;-4.080
835.24;-4.110
834.64;-4.300
834.06;-4.150
833.49;-4.220
832.93;-4.430
832.39;-4.500
831.86;-4.340
831.35;-4.430
830.84;-4.430
830.35;-4.490
829.87;-4.670
829.40;-4.740
828.95;-4.430
828.50;-4.690
828.06;-4.490
827.64;-4.460
827.22;-4.550
826.81;-4.280
826.41;-4.300
826.02;-4.370
825.64;-4.230
825.27;-3.870
824.90;-4.060
824.55;-3.940
824.19;-4.010
823.85;-4.100
823.51;-3.990
823.18;-3.910
822.86;-3.800
822.53;-3.570
822.22;-3.780
821.91;-3.750
821.60;-3.630
821.30;-3.740
821.00;-3.470
820.71;-3.810
820.42;-3.460
820.13;-3.480
819.84;-3.740
819.56;-3.970
819.28;-3.870
819.00;-3.830
818.72;-4.060
818.44;-3.980
818.16;-4.170
817.89;-4.150
817.61;-4.220
817.34;-3.700
817.06;-3.760
816.79;-3.870
816.52;-3.810
816.25;-3.810
815.98;-3.860
815.71;-3.820
815.44;-3.650
815.17;-3.850
814.91;-3.660
814.64;-3.510
814.38;-3.540
814.12;-3.640
813.86;-3.650
813.60;-3.760
813.34;-3.950
813.09;-3.930
812.83;-4.070
812.58;-4.000
812.33;-4.120
812.08;-3.630
811.83;-3.680
811.58;-3.910
811.34;-3.850
811.10;-3.650
810.85;-4.110
810.61;-3.770
810.38;-3.980
810.14;-3.980
809.91;-3.870
809.67;-3.740
809.44;-3.780
809.22;-3.630
808.99;-3.530
808.77;-3.650
808.54;-3.850
808.32;-3.930
808.10;-3.860
807.89;-3.650
807.68;-3.780
807.46;-3.790
807.26;-3.890
807.05;-3.820
806.84;-4.000
806.64;-4.040
806.44;-3.850
806.25;-3.610
806.05;-3.860
805.86;-3.730
805.67;-4.020
805.48;-3.810
805.30;-3.790
805.12;-3.710
804.94;-3.480
804.76;-3.700
804.58;-3.760
804.41;-3.720
804.23;-3.740
804.05;-3.640
803.88;-3.550
803.70;-3.520
803.53;-3.470
803.35;-3.480
803.18;-3.800
803.01;-3.480
802.83;-3.570
802.66;-3.490
802.49;-3.630
802.31;-3.520
802.14;-3.840
801.96;-3.700
801.79;-3.870
801.61;-3.730
801.44;-3.790
801.26;-3.780
801.09;-3.740
800.91;-3.760
800.73;-3.650
800.56;-3.700
800.38;-3.740
800.20;-3.760
800.02;-3.780
799.84;-4.000
799.66;-3.830
799.48;-3.750
799.30;-3.750
799.11;-3.630
798.93;-3.530
798.74;-3.520
798.55;-3.470
798.37;-3.550
798.18;-3.390
797.99;-3.490
797.79;-3.530
797.60;-3.480
797.41;-3.780
797.21;-3.740
797.01;-3.740
796.81;-3.720
796.61;-3.490
796.41;-3.480
796.20;-3.450
796.00;-3.590
795.79;-3.390
795.58;-3.520
795.36;-3.370
795.15;-3.580
794.93;-3.570
794.71;-3.610
794.49;-3.540
794.27;-3.700
794.05;-3.720
793.82;-3.920
793.59;-3.880
793.36;-4.000
793.12;-4.050
792.88;-3.840
792.64;-3.880
792.40;-3.880
792.16;-4.120
791.91;-4.410
791.66;-4.160
791.40;-3.980
791.15;-3.630
790.89;-3.820
790.62;-3.670
790.35;-3.510
790.07;-3.690
789.77;-3.590
789.46;-3.510
789.13;-3.550
788.80;-3.760
788.45;-3.700
788.10;-3.730
787.73;-3.600
787.35;-3.550
786.96;-3.700
786.56;-3.570
786.15;-3.470
785.72;-3.490
785.29;-3.520
784.85;-3.530
784.40;-3.700
783.94;-3.920
783.47;-3.870
782.99;-3.980
782.50;-4.000
782.00;-4.050
781.50;-4.180
780.98;-4.190
780.46;-4.070
779.93;-4.010
779.39;-3.980
778.85;-3.990
778.29;-3.860
777.73;-3.950
777.16;-3.910
776.59;-3.960
776.01;-3.860
775.42;-3.950
774.83;-3.760
774.23;-3.860
773.62;-3.820
773.01;-3.950
772.39;-3.950
771.77;-4.040
771.14;-3.900
770.51;-3.790
769.87;-3.770
769.23;-3.710
768.58;-3.740
767.93;-3.870
767.27;-3.940
766.61;-4.050
765.95;-3.940
765.29;-3.980
764.62;-3.910
763.94;-3.860
763.27;-3.820
762.59;-3.810
761.91;-3.940
761.23;-3.980
760.54;-3.990
759.85;-4.020
759.17;-3.900
758.48;-4.030
757.78;-3.990
757.09;-3.790
756.40;-3.950
755.70;-3.850
755.01;-3.830
754.31;-3.800
753.61;-3.820
752.92;-3.900
752.22;-3.750
751.53;-3.800
750.83;-3.770
750.14;-3.830
749.44;-3.760
748.75;-3.770
748.06;-3.820
747.37;-3.730
746.68;-3.650
745.99;-3.720
745.31;-3.800
744.63;-3.660
743.95;-3.660
743.27;-3.570
742.60;-3.590
741.93;-3.430
741.26;-3.620
740.59;-3.750
739.93;-3.720
739.27;-3.640
738.62;-3.660
737.97;-3.700
737.32;-3.700
736.68;-3.810
736.05;-4.010
735.42;-3.970
734.79;-4.070
734.17;-4.110
733.55;-4.200
732.94;-4.130
732.34;-3.940
731.74;-4.050
731.15;-4.060
730.56;-4.130
729.98;-4.140
729.41;-4.000
728.85;-4.050
728.29;-3.810
727.74;-3.990
727.19;-3.820
726.66;-3.880
726.13;-3.740
725.61;-3.830
725.10;-3.770
724.60;-3.730
724.10;-3.940
723.62;-3.910
723.14;-3.950
722.67;-3.860
722.21;-4.060
721.77;-3.930
721.33;-3.830
720.90;-3.820
720.48;-3.810
720.07;-3.660
719.67;-3.710
719.29;-3.740
718.91;-3.710
718.55;-3.690
718.19;-3.810
717.85;-3.800
717.51;-3.730
717.18;-3.820
716.86;-3.720
716.54;-3.710
716.22;-3.570
715.91;-3.520
715.61;-3.900
715.31;-3.770
715.02;-3.810
714.72;-3.920
714.44;-4.100
714.15;-4.270
713.87;-4.220
713.60;-4.490
713.32;-4.540
713.05;-4.370
712.78;-4.500
712.52;-4.500
712.26;-4.640
711.99;-4.360
711.73;-4.380
711.47;-4.520
711.22;-4.090
710.96;-4.080
710.70;-3.980
710.45;-4.070
710.19;-4.260
709.93;-4.090
709.68;-4.250
709.42;-3.930
709.16;-3.910
708.90;-3.970
708.64;-3.860
708.38;-4.090
708.12;-4.210
707.85;-4.320
707.59;-4.170
707.32;-4.010
707.05;-4.060
706.77;-4.020
706.49;-4.080
706.21;-3.970
705.93;-4.120
705.64;-4.180
705.34;-3.990
705.04;-4.280
704.74;-4.330
704.44;-4.600
704.12;-4.430
703.81;-4.570
703.48;-4.460
703.15;-4.400
702.81;-4.180
702.46;-4.400
702.10;-4.600
701.73;-4.260
701.35;-4.510
700.97;-4.300
700.57;-4.430
700.17;-4.390
699.76;-4.270
699.35;-4.430
698.92;-4.430
698.49;-4.240
698.06;-4.320
697.61;-4.290
697.17;-4.130
696.71;-4.360
696.25;-4.000
695.79;-4.370
695.32;-4.160
694.85;-4.290
694.37;-4.430
693.89;-4.360
693.41;-4.150
692.92;-4.070
692.43;-4.090
691.94;-4.090
691.44;-4.040
690.95;-3.950
690.45;-4.060
689.95;-3.980
689.45;-4.170
688.94;-3.950
688.44;-3.930
687.94;-3.910
687.43;-3.910
686.93;-3.900
686.43;-3.950
685.93;-3.890
685.42;-4.060
684.92;-3.830
684.43;-3.720
683.93;-3.780
683.44;-3.780
682.94;-3.640
682.45;-3.810
681.97;-3.660
681.49;-3.710
681.01;-3.680
680.53;-3.750
680.06;-3.910
679.59;-3.780
679.13;-3.710
678.68;-3.960
678.23;-3.830
677.78;-3.910
677.34;-3.960
676.91;-3.730
676.48;-4.120
676.06;-4.040
675.64;-3.990
675.22;-4.090
674.80;-4.070
674.39;-3.950
673.97;-3.900
673.56;-3.930
673.14;-3.950
672.73;-4.000
672.32;-4.030
671.90;-3.900
671.49;-3.990
671.08;-4.120
670.67;-4.070
670.26;-4.260
669.85;-4.260
669.44;-4.230
669.03;-4.390
668.62;-4.340
668.21;-4.480
667.81;-4.550
667.40;-4.740
666.99;-4.720
666.59;-4.790
666.18;-4.780
665.78;-4.730
665.37;-4.740
664.97;-4.760
664.57;-4.720
664.16;-4.740
663.76;-4.540
663.36;-4.740
662.96;-4.860
662.56;-5.040
662.16;-4.770
661.76;-4.810
661.36;-4.790
660.96;-4.810
660.56;-4.470
660.16;-4.630
659.77;-4.650
659.37;-4.600
658.97;-4.730
658.58;-4.700
658.18;-4.300
657.79;-4.090
657.39;-4.470
657.00;-4.470
656.60;-4.480
656.21;-4.540
655.81;-4.310
655.42;-4.210
655.03;-4.350
654.64;-4.130
654.24;-4.000
653.85;-4.120
653.46;-4.000
653.07;-4.060
652.68;-3.920
652.29;-4.310
651.90;-4.110
651.51;-4.190
651.12;-4.310
650.73;-4.360
650.34;-4.150
649.96;-4.390
649.57;-4.220
649.18;-4.310
648.79;-4.330
648.41;-4.190
648.02;-3.910
647.63;-4.040
647.25;-4.120
646.86;-4.070
646.47;-4.010
646.09;-4.080
645.70;-4.060
645.32;-4.260
644.93;-4.190
644.55;-4.210
644.17;-4.220
643.78;-4.160
643.40;-4.520
643.02;-4.520
642.63;-4.560
642.25;-4.580
641.87;-4.600
641.48;-4.770
641.10;-4.770
640.72;-4.810
640.34;-4.750
639.96;-4.870
639.57;-4.710
639.19;-4.810
638.81;-4.670
638.43;-4.510
638.05;-4.300
637.67;-4.300
637.29;-4.290
636.91;-4.150
636.53;-4.280
636.15;-4.300
635.77;-4.520
635.39;-4.390
635.01;-4.630
634.63;-4.570
634.25;-4.670
633.87;-4.760
633.49;-4.630
633.11;-4.840
632.73;-4.620
632.35;-4.560
631.97;-4.730
631.59;-4.790
631.21;-4.630
630.84;-4.540
630.46;-4.410
630.08;-4.470
629.70;-4.370
629.32;-4.560
628.94;-4.570
628.56;-4.550
628.19;-4.400
627.81;-4.330
627.43;-4.510
627.05;-4.560
626.67;-4.650
626.29;-4.750
625.92;-4.510
625.54;-4.320
625.16;-4.450
624.78;-4.480
624.40;-4.470
624.02;-4.250
623.64;-4.340
623.27;-4.390
622.89;-4.340
622.51;-4.020
622.13;-4.150
621.75;-3.950
621.37;-3.830
620.99;-3.930
620.62;-3.720
620.24;-3.740
619.86;-3.630
619.48;-3.500
619.10;-3.650
618.72;-3.470
618.34;-3.430
617.96;-3.420
617.58;-3.300
617.20;-3.370
616.82;-3.470
616.44;-3.610
616.06;-3.600
615.68;-3.550
615.30;-3.740
614.92;-3.600
614.54;-3.530
614.16;-3.710
613.78;-3.580
613.40;-3.700
613.02;-3.680
612.64;-3.730
612.25;-3.670
611.87;-3.840
611.49;-3.620
611.11;-3.770
610.73;-3.780
610.34;-3.930
609.96;-4.030
609.58;-3.910
609.20;-3.680
608.81;-3.930
608.43;-3.740
608.05;-3.800
607.66;-3.960
607.28;-4.090
606.89;-3.970
606.51;-4.170
606.12;-4.280
605.74;-4.230
605.35;-4.300
604.97;-4.120
604.58;-4.160
604.19;-4.370
603.81;-4.260
603.42;-4.380
603.03;-4.610
602.65;-4.590
602.26;-4.490
601.87;-4.500
601.48;-4.500
601.09;-4.350
600.71;-4.520
600.32;-4.410
599.93;-4.570
599.54;-4.450
599.15;-4.370
598.76;-4.330
598.36;-4.500
597.97;-4.310
597.58;-4.200
597.19;-4.220
596.80;-4.170
596.40;-4.130
596.01;-4.160
595.62;-4.200
595.22;-4.080
594.83;-4.190
594.43;-4.250
594.04;-3.970
593.64;-4.030
593.25;-3.970
592.85;-3.980
592.45;-3.870
592.06;-3.830
591.66;-4.020
591.26;-3.830
590.86;-4.140
590.46;-3.730
590.06;-3.800
589.66;-3.730
589.26;-3.500
588.86;-3.610
588.46;-3.680
588.06;-3.690
587.66;-3.540
587.26;-3.720
586.86;-3.720
586.46;-3.760
586.06;-3.380
585.67;-3.630
585.28;-3.620
584.89;-3.580
584.50;-3.740
584.11;-3.720
583.72;-3.830
583.34;-3.880
582.96;-3.980
582.58;-4.070
582.20;-4.060
581.82;-4.140
581.44;-4.290
581.07;-4.200
580.69;-4.380
580.32;-4.410
579.95;-4.320
579.58;-4.440
579.21;-4.180
578.84;-3.940
578.47;-3.990
578.11;-3.900
577.74;-4.020
577.38;-3.810
577.02;-4.020
576.65;-4.000
576.29;-3.860
575.93;-3.900
575.57;-3.980
575.22;-4.100
574.86;-4.190
574.50;-4.270
574.14;-4.170
573.79;-4.160
573.43;-4.060
573.08;-4.080
572.73;-4.030
572.37;-4.090
572.02;-4.030
571.67;-4.110
571.32;-4.000
570.96;-4.060
570.61;-4.130
570.26;-4.220
569.91;-4.190
569.56;-4.090
569.21;-4.110
568.86;-4.140
568.51;-4.150
568.16;-4.180
567.81;-4.140
567.46;-4.040
567.11;-4.070
566.76;-4.180
566.41;-4.050
566.06;-4.130
565.71;-4.290
565.36;-4.030
565.01;-3.890
564.66;-4.080
564.31;-4.230
563.96;-4.290
563.61;-4.320
563.25;-4.440
562.90;-4.570
562.55;-4.560
562.19;-4.250
561.84;-4.320
561.49;-4.410
561.13;-4.100
560.77;-4.100
560.42;-4.150
560.06;-4.040
559.70;-3.890
559.34;-3.930
558.98;-3.820
558.62;-3.930
558.26;-4.150
557.90;-3.890
557.54;-3.910
557.17;-3.570
556.81;-3.530
556.44;-3.580
556.07;-3.790
555.70;-3.730
555.33;-3.750
554.96;-4.060
554.59;-3.860
554.21;-3.960
553.84;-4.130
553.46;-4.260
553.09;-4.350
552.71;-3.820
552.33;-3.740
551.94;-4.600
551.56;-4.190
551.17;-4.400
550.79;-4.210
550.40;-4.200
550.01;-4.130
549.62;-4.080
549.22;-4.740
548.83;-4.490
548.43;-4.570
548.03;-4.670
547.63;-4.520
547.23;-4.660
546.82;-4.750
546.42;-4.580
546.01;-4.550
545.60;-4.620
545.18;-4.580
544.77;-4.270
544.35;-4.240
543.93;-4.420
543.51;-4.360
543.08;-3.980
542.66;-4.350
542.23;-3.990
541.80;-4.230
541.36;-3.890
540.93;-3.900
540.49;-3.990
540.05;-3.990
539.60;-3.890
539.16;-3.830
538.71;-3.830
538.26;-3.720
537.80;-3.790
537.35;-3.650
536.89;-3.760
536.43;-3.820
535.96;-3.860
535.49;-3.830
535.02;-4.060
534.55;-4.000
534.07;-4.060
533.59;-4.130
533.11;-4.060
532.62;-4.070
532.13;-4.120
531.64;-4.120
531.14;-4.090
530.64;-4.020
530.14;-4.110
529.64;-4.140
529.13;-4.100
528.61;-4.020
528.10;-4.210
527.58;-4.140
527.06;-4.080
526.53;-4.140
526.00;-4.190
525.47;-4.120
524.93;-4.150
524.39;-3.990
523.85;-3.740
523.30;-3.800
522.75;-3.760
522.19;-3.750
521.63;-3.660
521.07;-3.580
520.50;-3.630
519.93;-3.600
519.36;-3.500
518.78;-3.440
518.20;-3.540
517.61;-3.520
517.02;-3.550
516.42;-3.560
515.82;-3.780
515.22;-3.730
514.61;-3.780
514.00;-3.760
513.38;-3.850
512.76;-3.720
512.13;-3.710
511.51;-3.760
510.87;-3.770
510.21;-3.830
509.48;-3.750
508.71;-3.820
507.88;-3.800
507.00;-3.880
506.08;-4.100
505.11;-3.940
504.10;-3.930
503.05;-3.930
501.97;-3.830
500.85;-3.770
499.69;-3.690
498.51;-3.550
497.30;-3.870
496.07;-3.530
494.82;-3.460
493.54;-3.400
492.25;-3.400
490.94;-3.510
489.63;-3.640
488.30;-3.570
486.96;-3.550
485.62;-3.520
484.28;-3.680
482.94;-3.490
481.60;-3.960
480.26;-3.500
478.94;-3.470
477.62;-3.490
476.32;-3.580
475.03;-3.660
473.76;-3.730
472.51;-3.770
471.28;-3.940
470.07;-3.780
468.90;-3.740
467.75;-3.850
466.63;-3.790
465.55;-3.960
464.51;-3.820
463.51;-3.890
462.55;-4.070
461.63;-4.030
460.76;-4.020
459.94;-4.020
459.17;-3.970
458.46;-3.960
457.80;-4.000
457.21;-4.110
456.67;-4.040
456.20;-4.030
455.80;-4.000
455.46;-3.870
455.20;-3.910
454.98;-3.770
454.76;-3.800
454.54;-3.790
454.33;-3.730
454.12;-3.770
453.92;-3.710
453.72;-3.640
453.52;-3.700
453.33;-3.800
453.14;-3.820
452.96;-3.780
452.78;-3.920
452.60;-4.130
452.42;-4.150
452.25;-4.040
452.08;-4.020
451.92;-3.960
451.76;-3.910
451.60;-3.870
451.45;-3.960
451.29;-3.970
451.14;-4.000
451.00;-3.810
450.86;-3.960
450.71;-3.980
450.58;-3.790
450.44;-3.710
450.31;-3.710
450.18;-3.780
450.05;-3.480
449.93;-3.570
449.81;-3.420
449.69;-3.360
449.57;-3.450
449.45;-3.500
449.34;-3.630
449.23;-3.920
449.12;-3.740
449.02;-3.890
448.91;-4.010
448.81;-3.850
448.71;-3.830
448.61;-3.880
448.51;-3.900
448.41;-4.010
448.32;-3.790
448.23;-3.740
448.14;-3.670
448.05;-4.330
447.96;-3.520
447.87;-3.580
447.79;-3.780
447.70;-3.550
447.62;-3.590
447.54;-3.460
447.45;-3.590
447.37;-3.610
447.30;-3.580
447.22;-3.610
447.14;-3.680
447.06;-3.710
446.99;-3.680
446.91;-3.810
446.84;-3.590
446.76;-3.670
446.69;-3.660
446.62;-3.460
446.54;-3.210
446.47;-3.370
446.40;-3.250
446.33;-3.220
446.25;-3.200
446.18;-3.310
446.11;-3.320
446.04;-3.130
445.97;-3.130
445.89;-3.170
445.82;-3.050
445.75;-3.560
445.68;-3.140
445.60;-3.320
445.53;-3.150
445.45;-3.270
445.38;-3.270
445.30;-3.420
445.23;-3.390
445.15;-3.420
445.07;-3.440
444.99;-3.310
444.92;-3.410
444.84;-3.490
444.75;-3.390
444.67;-3.610
444.59;-3.630
444.50;-3.360
444.42;-3.410
444.33;-3.440
444.24;-3.320
444.15;-3.380
444.06;-3.400
443.97;-3.430
443.87;-3.370
443.78;-3.500
443.58;-3.450
443.48;-3.690
443.27;-3.400
443.16;-3.370
443.05;-3.530
442.94;-3.420
442.83;-3.490
442.71;-3.470
442.59;-3.570
442.47;-3.600
442.35;-3.630
442.23;-3.780
442.10;-3.670
441.97;-3.490
441.84;-3.440
441.70;-3.470
441.56;-3.490
441.42;-3.570
441.28;-3.500
441.13;-3.490
440.98;-3.380
440.83;-3.310
440.67;-3.300
440.52;-3.340
440.35;-3.300
440.19;-3.340
440.02;-3.430
439.85;-3.370
439.67;-3.350
439.49;-3.340
439.31;-3.490
439.13;-3.450
438.94;-3.300
438.74;-3.290
438.54;-3.220
438.31;-3.060
438.07;-3.070
437.80;-3.070
437.52;-3.190
437.21;-2.990
436.89;-3.050
436.55;-3.470
436.19;-3.050
435.81;-3.130
435.42;-3.110
435.01;-3.080
434.58;-3.320
434.13;-3.250
433.67;-3.080
433.20;-3.810
432.71;-3.400
432.20;-3.910
431.68;-3.330
431.15;-3.560
430.60;-3.340
430.04;-3.570
429.47;-3.870
428.88;-3.610
428.28;-4.100
427.67;-3.790
427.05;-3.970
426.41;-4.190
425.77;-3.930
425.11;-4.000
424.44;-3.650
423.77;-3.930
423.08;-3.650
422.39;-3.890
421.68;-3.660
420.97;-3.830
420.25;-4.320
419.52;-3.930
418.79;-3.720
418.04;-3.550
417.30;-3.620
416.54;-3.630
415.78;-3.550
415.01;-3.510
414.24;-3.900
413.46;-3.800
412.68;-3.690
411.89;-3.440
411.10;-4.080
410.31;-3.490
409.51;-3.630
408.71;-3.470
407.90;-3.450
407.10;-3.370
406.29;-3.520
405.48;-3.360
404.68;-3.560
403.87;-3.440
402.24;-3.870
401.43;-4.180
400.62;-4.260
399.82;-3.930
399.01;-3.900
398.20;-3.710
397.40;-3.920
396.60;-3.760
395.80;-3.590
395.00;-3.530
394.21;-3.660
393.42;-3.420
392.64;-3.510
391.86;-3.430
391.09;-3.570
390.32;-3.640
389.55;-3.620
388.80;-3.390
388.04;-3.680
387.30;-3.490
386.56;-3.890
385.83;-4.360
385.11;-3.790
384.39;-3.490
383.69;-3.460
382.99;-3.600
382.30;-3.490
381.62;-3.710
380.95;-3.850
380.29;-3.630
379.64;-3.340
379.01;-3.550
378.38;-3.560
377.76;-3.780
377.16;-3.800
376.57;-3.870
375.99;-3.780
370.97;-4.400
370.54;-4.140
370.11;-3.800
369.69;-3.640
368.86;-3.670
368.45;-3.610
368.05;-3.710
367.65;-3.480
367.26;-3.790
366.87;-3.390
366.48;-4.250
366.10;-3.860
365.35;-4.630
364.61;-4.130
364.24;-3.700
363.88;-3.850
363.53;-3.570
363.17;-3.720
362.82;-3.650
362.47;-3.610
362.13;-3.460
361.79;-3.490
361.45;-3.820
361.11;-3.430
360.77;-3.590
360.44;-3.460
360.11;-3.490
359.78;-3.580
359.45;-3.550
359.13;-3.830
358.80;-3.780
358.48;-3.930
358.16;-3.700
357.84;-4.220
357.52;-4.510
357.20;-3.780
356.89;-3.670
356.57;-4.030
355.94;-3.680
355.62;-4.280
355.00;-3.630
354.68;-3.540
354.37;-3.520
354.05;-3.600
353.42;-3.570
353.11;-3.910
352.79;-3.630
352.47;-3.880
352.15;-3.350
351.84;-3.650
351.52;-3.780
351.19;-4.160
350.87;-3.660
350.55;-3.680
350.22;-3.590
349.89;-3.750
349.56;-3.970
349.23;-3.550
348.90;-3.470
348.56;-4.160
348.22;-3.890
347.88;-3.660
347.54;-3.520
347.20;-3.660
346.85;-3.430
346.50;-3.700
346.14;-3.540
345.78;-3.590
345.42;-4.140
345.06;-3.800
344.69;-4.240
344.32;-3.780
343.95;-4.000
343.57;-3.730
343.19;-4.130
342.80;-4.030
342.41;-3.820
342.01;-3.720
341.61;-3.790
341.21;-3.720
340.80;-3.810
340.39;-3.530
339.97;-3.570
339.54;-3.490
339.11;-3.590
338.67;-3.550
338.21;-3.420
337.75;-3.620
337.27;-3.530
336.78;-3.460
336.29;-3.530
335.78;-3.510
335.26;-3.620
334.74;-3.680
334.20;-3.480
333.66;-3.670
333.10;-3.910
332.54;-3.820
331.97;-3.840
331.39;-3.660
330.81;-3.560
330.22;-4.110
329.62;-3.600
329.01;-3.670
328.40;-3.670
327.78;-3.690
327.16;-3.630
326.53;-3.680
325.89;-3.640
325.25;-3.800
324.60;-3.650
323.95;-3.430
323.30;-3.480
322.64;-3.950
321.98;-3.500
321.31;-3.460
320.65;-3.740
319.97;-3.580
319.30;-3.730
318.62;-3.550
317.94;-3.590
317.26;-3.520
316.58;-3.510
315.90;-3.670
315.21;-3.580
314.52;-3.400
313.84;-3.430
313.15;-3.350
312.46;-3.360
311.78;-3.800
311.09;-3.390
310.41;-3.480
309.72;-3.610
309.04;-3.190
308.36;-3.180
307.68;-3.190
307.00;-3.230
306.33;-3.400
305.66;-3.370
304.99;-3.640
304.32;-3.590
303.66;-3.290
303.00;-3.290
302.35;-3.510
301.70;-3.370
301.05;-3.610
300.41;-3.320
299.78;-3.330
298.52;-3.400
297.90;-3.470
297.29;-3.300
296.69;-3.380
296.09;-3.360
295.49;-3.290
294.89;-3.200
294.28;-3.180
293.67;-3.260
293.06;-3.580
292.44;-3.300
291.82;-3.200
291.19;-3.360
290.56;-3.280
289.93;-3.170
289.29;-3.210
288.65;-3.330
288.01;-3.210
287.36;-3.150
286.71;-3.220
286.06;-3.330
285.40;-3.420
284.74;-3.400
284.08;-3.380
283.41;-3.530
282.74;-3.450
282.07;-3.380
281.39;-3.320
280.71;-3.340
280.03;-3.380
279.35;-3.580
278.66;-3.530
277.97;-3.600
277.28;-3.630
276.59;-3.680
275.89;-3.670
275.19;-3.480
274.49;-3.600
273.79;-3.530
273.09;-3.520
272.38;-3.670
271.67;-3.640
270.96;-3.430
270.24;-3.660
269.53;-3.580
268.81;-3.350
268.09;-3.250
267.37;-3.410
266.65;-3.250
265.93;-3.350
265.20;-3.460
264.48;-3.440
263.75;-3.590
263.02;-3.270
262.29;-3.450
261.56;-3.520
260.83;-3.390
260.10;-3.350
259.36;-3.350
258.63;-3.510
257.89;-3.310
257.15;-3.500
256.42;-3.580
255.68;-3.470
254.94;-3.580
254.20;-3.550
253.46;-3.490
252.72;-3.400
251.98;-3.370
251.24;-3.310
250.50;-3.300
249.76;-3.330
249.02;-3.290
248.27;-3.350
247.53;-3.340
246.79;-3.400
246.05;-3.390
245.31;-3.440
244.57;-3.270
243.83;-3.330
243.09;-3.380
242.35;-3.440
241.61;-3.490
240.87;-3.440
240.14;-3.400
239.40;-3.430
238.66;-3.300
237.93;-3.200
237.19;-3.270
236.46;-3.270
235.73;-3.210
234.99;-3.240
234.26;-3.230
233.54;-3.400
232.81;-3.450
232.08;-3.650
231.36;-3.710
230.63;-3.780
229.91;-3.890
229.19;-3.850
228.47;-3.880
227.75;-3.820
227.04;-3.650
226.32;-3.660
225.61;-3.580
224.90;-3.640
224.19;-3.700
223.49;-3.730
222.78;-3.790
222.08;-3.630
221.38;-3.670
220.69;-3.670
219.99;-3.900
219.30;-3.870
218.61;-3.730
217.92;-3.860
217.24;-3.920
216.56;-3.900
215.88;-4.130
215.20;-3.610
214.53;-3.580
213.86;-3.950
213.19;-3.810
212.52;-3.660
211.86;-3.900
211.20;-3.650
210.55;-3.550
209.90;-3.510
209.25;-3.360
208.60;-3.400
207.96;-3.310
207.32;-3.290
206.69;-3.430
206.06;-3.290
205.43;-3.300
204.81;-3.180
204.19;-3.260
203.57;-3.320
202.96;-3.250
202.36;-3.320
201.75;-3.400
201.15;-3.380
200.56;-3.250
199.97;-3.580
199.38;-3.330
198.80;-3.590
198.22;-3.210
197.65;-3.330
197.08;-3.220
196.52;-3.120
195.96;-3.460
195.41;-3.020
194.86;-3.070
194.31;-3.040
193.77;-2.980
193.24;-3.040
192.71;-2.960
192.19;-3.150
191.67;-3.830
191.15;-3.520
190.64;-3.420
190.14;-3.490
189.64;-3.490
189.15;-3.670
188.67;-3.590
188.19;-3.540
187.71;-3.610
187.24;-3.550
186.78;-3.510
186.32;-3.760
185.87;-3.630
185.42;-3.780
184.98;-3.700
184.55;-3.650
184.12;-3.680
183.70;-3.590
183.29;-3.640
182.88;-3.620
182.48;-3.600
182.08;-3.520
181.70;-3.640
181.31;-3.530
180.94;-3.570
180.57;-3.780
180.21;-3.690
179.85;-3.790
179.51;-3.700
179.17;-3.510
178.83;-3.620
178.51;-3.500
178.19;-3.590
177.87;-3.590
177.57;-3.660
177.27;-3.590
176.98;-3.720
176.70;-3.900
176.42;-3.820
176.16;-3.800
175.90;-3.740
175.65;-3.680
175.40;-3.620
175.17;-3.620
174.94;-3.610
174.72;-3.640
174.51;-3.700
174.30;-3.650
174.11;-3.660
173.92;-3.720
173.73;-3.660
173.55;-3.670
173.37;-3.650
173.20;-3.570
173.03;-3.670
172.87;-3.650
172.70;-3.650
172.55;-3.710
172.39;-3.600
172.24;-3.740
172.09;-3.630
171.95;-3.670
171.81;-3.710
171.67;-3.620
171.53;-3.690
171.40;-3.690
171.26;-3.640
171.14;-3.500
171.01;-3.510
170.88;-3.540
170.76;-3.560
170.64;-3.450
170.52;-3.400
170.41;-3.550
170.29;-3.480
170.18;-3.530
170.07;-3.560
169.95;-3.700
169.84;-3.660
169.74;-3.730
169.63;-3.820
169.52;-3.760
169.41;-3.830
169.31;-3.680
169.20;-3.790
169.10;-3.710
168.99;-3.740
168.89;-3.810
168.78;-3.610
168.68;-3.590
168.57;-3.670
168.47;-3.570
168.36;-3.890
168.25;-3.710
168.15;-3.700
168.04;-3.850
167.93;-3.970
167.82;-3.710
167.25;-3.970
165.68;-3.570
165.53;-3.630
165.38;-3.730
165.23;-3.530
165.07;-3.510
164.91;-3.440
164.74;-3.430
164.57;-3.500
164.40;-3.560
164.22;-3.540
164.04;-3.860
163.86;-3.370
163.67;-3.500
163.47;-3.370
163.28;-3.250
163.06;-3.470
162.83;-3.490
162.58;-3.680
162.31;-3.490
162.02;-3.390
161.71;-3.620
161.39;-3.910
161.04;-3.550
160.68;-3.470
160.30;-3.590
159.91;-3.710
159.49;-3.630
159.07;-3.820
158.62;-3.470
158.16;-3.600
157.69;-3.530
157.20;-3.980
156.70;-3.700
156.18;-3.670
155.65;-3.440
155.11;-3.530
154.55;-3.500
153.98;-3.500
153.40;-3.350
152.81;-3.910
152.21;-3.760
151.59;-3.870
150.33;-3.880
149.69;-3.910
149.03;-4.200
148.37;-4.010
147.70;-3.960
147.02;-4.060
146.33;-4.170
145.64;-3.440
144.93;-3.930
144.22;-3.720
142.06;-3.480
140.59;-3.500
139.10;-3.560
138.35;-3.750
137.60;-3.580
136.84;-3.490
136.08;-3.580
135.32;-3.570
134.55;-3.670
133.79;-3.680
133.02;-3.850
132.25;-4.000
131.49;-4.030
130.72;-3.930
129.95;-3.970
129.18;-4.250
128.42;-3.790
126.89;-3.770
126.13;-3.640
125.37;-3.680
124.61;-3.680
123.86;-3.590
123.11;-3.700
122.36;-3.670
120.89;-3.780
120.16;-3.760
119.43;-3.730
118.71;-3.690
118.00;-3.720
117.29;-3.730
116.59;-3.740
115.90;-3.570
115.21;-3.670
114.53;-3.660
113.86;-3.620
113.20;-3.660
112.55;-3.630
111.91;-3.590
111.28;-3.490
109.45;-3.700
108.86;-3.500
108.28;-3.480
107.72;-4.100
107.17;-3.740
106.63;-3.680
106.10;-3.910
105.59;-3.830
105.09;-3.730
104.61;-4.140
104.14;-3.600
103.68;-4.100
103.24;-3.940
102.82;-3.820
102.41;-3.850
102.02;-3.840
101.65;-3.960
101.29;-3.940
100.95;-3.710
100.61;-3.620
100.27;-3.530
99.94;-3.640
99.61;-3.850
99.28;-3.780
98.96;-3.520
98.64;-3.520
98.33;-3.500
98.02;-3.520
97.71;-3.450
97.40;-3.430
97.10;-3.580
96.80;-3.620
96.50;-3.640
96.20;-3.800
95.91;-3.880
95.62;-4.000
95.33;-3.770
95.04;-3.700
94.75;-4.050
94.47;-3.770
94.19;-3.830
93.90;-3.900
93.62;-3.710
93.34;-4.000
93.06;-3.910
92.79;-4.110
92.23;-3.900
91.95;-3.990
91.68;-3.780
91.40;-3.720
90.85;-3.880
90.57;-3.610
90.29;-4.040
90.01;-4.140
89.73;-4.330
89.45;-3.770
89.17;-4.070
88.89;-3.940
88.60;-3.760
88.32;-3.860
88.03;-3.800
87.74;-4.060
87.45;-3.950
87.16;-3.610
86.86;-3.680
86.56;-4.030
86.26;-4.040
85.96;-3.580
85.65;-3.850
85.34;-3.810
85.03;-3.650
84.72;-4.130
84.40;-3.870
84.08;-3.790
83.76;-3.740
83.43;-3.640
83.10;-4.170
82.77;-4.210
82.44;-3.910
82.11;-3.760
81.77;-3.860
81.43;-3.700
81.09;-3.750
80.74;-3.840
80.39;-3.920
80.05;-3.800
79.69;-3.790
79.34;-3.760
78.98;-3.700
78.63;-3.730
78.27;-3.680
77.90;-3.690
77.54;-3.690
77.17;-3.730
76.80;-3.690
76.43;-3.680
76.06;-3.720
75.69;-3.740
75.31;-3.710
74.93;-3.780
74.55;-3.740
74.17;-3.840
73.79;-3.760
73.40;-3.680
73.02;-3.690
72.63;-3.670
72.24;-3.730
71.85;-3.660
71.45;-3.720
71.06;-3.720
70.66;-3.760
70.26;-3.710
69.87;-3.830
69.47;-3.830
69.06;-3.810
68.66;-3.650
68.26;-3.650
67.85;-3.640
67.44;-3.570
67.03;-3.740
66.62;-3.690
66.21;-3.990
65.80;-3.880
65.39;-3.930
64.97;-3.860
64.56;-3.930
64.14;-3.870
63.72;-3.920
63.31;-3.820
62.89;-3.720
62.47;-3.710
62.05;-3.640
61.62;-4.090
61.20;-3.840
60.78;-3.720
60.35;-3.730
59.93;-3.570
59.50;-3.650
59.08;-3.500
58.22;-4.510
57.80;-3.630
57.37;-3.750
56.94;-4.090
56.51;-4.210
56.08;-4.310
55.65;-4.120
55.22;-4.450
54.79;-4.130
54.36;-4.240
53.93;-4.210
53.49;-4.100
53.06;-4.010
52.63;-3.970
52.20;-3.910
51.77;-4.330
51.33;-4.140
50.90;-3.960
50.47;-4.080
50.03;-4.140
49.60;-4.100
49.17;-4.120
48.74;-4.150
48.30;-3.890
47.87;-3.880
47.44;-3.760
47.01;-3.620
46.58;-3.600
46.15;-3.610
45.72;-3.530
45.28;-3.350
44.85;-3.440
44.42;-3.760
43.99;-3.630
43.57;-3.710
43.14;-3.690
42.71;-3.580
42.28;-3.650
41.86;-3.700
41.43;-3.800
41.00;-3.660
40.58;-3.680
40.15;-3.720
39.73;-3.640
39.31;-3.650
38.89;-3.740
38.46;-3.730
38.04;-3.800
37.63;-3.700
37.21;-3.920
36.79;-3.850
36.37;-3.900
35.96;-3.700
35.54;-3.830
35.13;-3.970
34.72;-3.780
34.31;-3.830
33.90;-3.780
33.49;-3.870
33.08;-3.980
32.27;-3.940
31.87;-3.860
31.46;-3.910
31.06;-3.950
30.66;-3.920
30.26;-3.970
29.87;-3.960
29.47;-4.120
29.08;-4.180
28.69;-4.050
28.30;-4.070
27.91;-4.130
27.52;-4.660
27.14;-4.130
26.75;-4.060
26.37;-4.060
25.99;-4.140
25.61;-4.180
25.23;-4.320
24.86;-3.950
24.49;-3.980
24.12;-4.050
23.75;-3.920
23.38;-4.070
23.02;-4.110
22.65;-3.870
22.29;-3.780
21.93;-3.860
21.58;-3.850
21.22;-3.920
20.87;-3.920
20.52;-4.380
20.17;-3.990
19.83;-3.850
19.49;-4.130
19.15;-3.950
18.81;-4.060
18.47;-4.090
18.14;-4.110
17.81;-4.340
17.48;-3.950
17.15;-3.980
16.83;-3.890
16.51;-3.940
16.19;-3.920
15.88;-3.940
15.56;-4.290
15.26;-4.040
14.95;-3.820
14.64;-3.780
14.34;-3.710
14.04;-3.950
13.75;-3.730
13.46;-4.160
13.17;-3.800
12.88;-4.200
12.60;-4.340
12.32;-4.050
12.04;-4.010
11.76;-3.910
11.49;-3.870
11.22;-4.070
10.95;-4.460
10.69;-4.310
10.43;-3.930
10.16;-3.960
9.91;-4.270
9.65;-3.980
9.40;-3.810
9.14;-4.130
8.89;-3.930
8.65;-4.070
8.40;-3.920
8.15;-3.870
7.91;-3.860
7.67;-3.980
7.43;-3.990
7.19;-3.990
6.96;-4.000
6.72;-4.000
6.49;-4.000
6.26;-3.900
6.03;-4.120
5.80;-3.900
5.58;-3.800
5.35;-3.750
5.13;-3.850
4.90;-3.890
4.68;-3.680
4.46;-3.540
4.24;-3.610
4.02;-3.460
3.80;-3.450
3.59;-3.510
3.37;-3.480
3.15;-3.540
2.94;-3.430
2.73;-3.450
2.51;-3.520
2.30;-3.490
2.09;-3.490
1.88;-3.530
1.67;-3.500
1.45;-3.560
1.24;-3.530
1.03;-3.570
0.83;-3.570
0.62;-3.540
0.41;-3.470
0.20;-3.490
-0.01;-3.500
-0.22;-3.610
-0.43;-3.760
-0.64;-3.630
-0.84;-3.610
-1.05;-3.490
-1.26;-3.450
-1.47;-3.440
-1.68;-3.440
-1.89;-3.400
-2.10;-3.400
-2.31;-3.440
-2.52;-3.540
-2.73;-3.680
-2.95;-3.570
-3.16;-3.610
-3.37;-3.480
-3.59;-3.550
-3.80;-3.660
-4.02;-3.800
-4.23;-3.800
-4.45;-3.840
-4.67;-4.170
-4.89;-4.110
-5.11;-4.440
-5.33;-4.200
-5.55;-4.210
-5.78;-4.150
-6.00;-3.880
-6.23;-3.890
-6.45;-3.850
-6.68;-3.730
-6.91;-3.770
-7.14;-3.610
-7.38;-3.770
-7.61;-3.520
-7.85;-3.600
-8.09;-3.820
-8.32;-3.730
-8.57;-3.680
-8.81;-3.760
-9.05;-3.590
-9.30;-3.590
-9.55;-3.660
-9.80;-3.760
-10.05;-4.000
-10.31;-3.840
-10.56;-3.680
-10.82;-3.710
-11.08;-3.970
-11.35;-3.700
-11.61;-4.070
-11.88;-3.970
-12.15;-3.810
-12.42;-3.730
-12.70;-3.900
-12.98;-3.760
-13.26;-3.850
-13.54;-3.560
-13.83;-3.510
-14.12;-3.510
-14.41;-3.570